{
  "max_timesteps": 30,
  "num_features": 15,
  "confidence_threshold": 0.35,
  "margin_threshold": 0.1,
  "motion_threshold": 0.15,
  "rotation_threshold": 50,
  "stable_frames": 3,
  "min_gesture_frames": 20,
  "max_gesture_frames": 30,
  "normalization": {
    "flex_min": [
      2945.0,
      2739.0,
      2873.0,
      2824.0,
      2514.0
    ],
    "flex_max": [
      3820.0,
      3232.0,
      3184.0,
      3087.0,
      2927.0
    ],
    "feature_means": [
      -0.516665518283844,
      -0.6843356490135193,
      0.25492236018180847,
      -3.844759225845337,
      -2.891573190689087,
      -0.6232765913009644
    ],
    "feature_stds": [
      0.47031667828559875,
      0.29426294565200806,
      0.3877340257167816,
      16.071044921875,
      33.6479606628418,
      14.697179794311523
    ]
  }
}